{"stats":{"minecraft:mined":{"minecraft:grass_block":1,"minecraft:sand":1,"minecraft:birch_leaves":1},"minecraft:killed":{"minecraft:zombie":2},"minecraft:picked_up":{"minecraft:rotten_flesh":1,"pointblank:gunmetal_nugget":6,"minecraft:sand":1,"minecraft:dirt":1,"minecraft:string":1},"minecraft:used":{"dummmmmmy:target_dummy":1,"minecraft:wooden_sword":12,"minecraft:dirt":6,"minecraft:sand":1,"minecraft:bread":1,"minecraft:shield":3},"minecraft:custom":{"minecraft:time_since_rest":38644,"minecraft:open_chest":1,"minecraft:crouch_one_cm":193,"minecraft:sprint_one_cm":38039,"minecraft:play_time":38644,"minecraft:damage_taken":30,"minecraft:walk_one_cm":21134,"minecraft:sneak_time":252,"minecraft:damage_blocked_by_shield":50,"minecraft:walk_under_water_one_cm":1333,"minecraft:mob_kills":2,"minecraft:jump":118,"minecraft:damage_dealt":401,"minecraft:leave_game":2,"minecraft:walk_on_water_one_cm":1978,"minecraft:time_since_death":38644,"minecraft:climb_one_cm":6,"minecraft:total_world_time":38644,"minecraft:fall_one_cm":2549,"minecraft:fly_one_cm":199879}},"DataVersion":3465}