{"stats":{"minecraft:broken":{"marbledsarsenal:hazmat_armor_helmet":1,"marbledsarsenal:hazmat_armor_leggings":1,"marbledsarsenal:hazmat_armor_boots":1,"marbledsarsenal:hazmat_armor_chestplate":1},"minecraft:killed_by":{"alexscaves:tremorzilla":3,"minecraft:zombie":1},"minecraft:custom":{"minecraft:time_since_rest":246,"minecraft:sprint_one_cm":29691,"minecraft:damage_taken":13990,"minecraft:walk_one_cm":235048,"minecraft:mob_kills":3,"minecraft:drop":24,"minecraft:damage_dealt":58,"minecraft:player_kills":5,"minecraft:fly_one_cm":449984,"minecraft:crouch_one_cm":5519,"minecraft:play_time":61789,"minecraft:deaths":8,"minecraft:sneak_time":2436,"minecraft:walk_under_water_one_cm":83,"minecraft:jump":360,"minecraft:walk_on_water_one_cm":1277,"minecraft:time_since_death":227,"minecraft:total_world_time":61789,"minecraft:fall_one_cm":6623,"minecraft:inspect_dispenser":10},"minecraft:picked_up":{"minecraft:andesite":2,"minecraft:copper_ingot":3,"projectvibrantjourneys:fallen_leaves":1,"alexscaves:fissile_core":1,"dummmmmmy:target_dummy":1,"alexscaves:uranium":23,"minecraft:wither_rose":1,"pointblank:gunmetal_nugget":5,"alexscaves:nuclear_bomb":1,"minecraft:diorite":11,"minecraft:lapis_lazuli":5,"minecraft:gunpowder":1,"minecraft:redstone":6,"minecraft:cornflower":2,"minecraft:dirt":36,"alexscaves:spawn_egg_nucleeper":7,"immersive_aircraft:biplane":2,"minecraft:light_gray_concrete":1,"alexscaves:spawn_egg_tremorzilla":183,"minecraft:wheat_seeds":1,"pointblank:m134minigun":1,"minecraft:granite":1,"minecraft:redstone_torch":1,"minecraft:oak_sapling":1,"alexscaves:uranium_shard":19,"minecraft:coal":2,"minecraft:cobblestone":221},"minecraft:killed":{"alexsmobs:crow":1,"minecraft:phantom":2},"minecraft:dropped":{"pointblank:ammo556":640,"marbledsarsenal:hazmat_armor_leggings":1,"marbledsarsenal:olive_juggernaut_armor_leggings":1,"marbledsarsenal:olive_juggernaut_armor_chestplate":1,"pointblank:hk416":1,"marbledsarsenal:olive_juggernaut_armor_helmet":1,"alexscaves:hazmat_chestplate":1,"pointblank:m134minigun":1,"marbledsarsenal:hazmat_armor_chestplate":1,"alexscaves:hazmat_mask":1,"alexscaves:hazmat_boots":2,"marbledsarsenal:olive_juggernaut_armor_boots":1,"alexscaves:hazmat_leggings":1,"alexscaves:spawn_egg_tremorzilla":1},"minecraft:used":{"dummmmmmy:target_dummy":1,"minecraft:flint_and_steel":2,"alexscaves:radgill_bucket":2,"minecraft:light_gray_concrete":7,"alexscaves:spawn_egg_tremorzilla":3,"minecraft:grass_block":3,"alexscaves:submarine":1,"immersive_aircraft:warship":1,"minecraft:gravel":6,"alexscaves:spawn_egg_raycat":1,"alexscaves:tremorzilla_egg":1,"alexscaves:uranium_rod":2,"alexscaves:spawn_egg_nucleeper":3,"alexscaves:nuclear_bomb":104,"immersive_aircraft:biplane":3}},"DataVersion":3465}