{"stats":{"minecraft:picked_up":{"minecraft:birch_log":1,"minecraft:stick":1,"minecraft:feather":1,"minecraft:clay_ball":4,"minecraft:andesite":14,"minecraft:salmon":4,"projectvibrantjourneys:bark_mushroom":2,"minecraft:gravel":9,"minecraft:wither_rose":1,"alexsmobs:bison_fur":1,"pointblank:gunmetal_nugget":27,"minecraft:sand":12,"create:raw_zinc":2,"minecraft:oak_log":2,"minecraft:diorite":39,"minecraft:shield":1,"minecraft:gunpowder":2,"alexsmobs:animal_dictionary":2,"minecraft:dirt":68,"minecraft:string":2,"minecraft:raw_copper":11,"minecraft:arrow":5,"minecraft:bone":10,"minecraft:rotten_flesh":21,"minecraft:wheat_seeds":4,"minecraft:granite":3,"projectvibrantjourneys:cattail":9,"minecraft:bread":9,"minecraft:oak_sapling":2,"alexsmobs:ghostly_pickaxe":1,"minecraft:coal":7,"minecraft:cobblestone":330,"minecraft:ender_pearl":1},"minecraft:mined":{"minecraft:fire":14,"minecraft:grass":11,"projectvibrantjourneys:short_grass":13,"minecraft:tall_grass":4,"minecraft:stone":5,"projectvibrantjourneys:fallen_leaves":1},"minecraft:custom":{"minecraft:time_since_rest":1246,"minecraft:damage_taken":6951,"minecraft:sprint_one_cm":67304,"minecraft:damage_absorbed":133,"minecraft:walk_one_cm":121541,"minecraft:mob_kills":23,"minecraft:damage_dealt":746,"minecraft:swim_one_cm":10970,"minecraft:fly_one_cm":299392,"minecraft:open_barrel":3,"minecraft:open_chest":17,"minecraft:crouch_one_cm":1057,"minecraft:play_time":39259,"minecraft:deaths":2,"minecraft:sneak_time":774,"minecraft:walk_under_water_one_cm":4912,"minecraft:jump":257,"minecraft:time_since_death":1210,"minecraft:walk_on_water_one_cm":12642,"minecraft:climb_one_cm":173,"minecraft:total_world_time":39259,"minecraft:damage_resisted":73,"minecraft:fall_one_cm":2180},"minecraft:killed_by":{"minecraft:zombie":1},"minecraft:killed":{"minecraft:skeleton":5,"minecraft:zombie":17,"apollyon:the_damned":1},"minecraft:broken":{"minecraft:leather_boots":1},"minecraft:used":{"marbledsarsenal:sledgehammer":10,"minecraft:ender_pearl":2,"alexsmobs:spawn_egg_leafcutter_ant":5,"alexsmobs:ghostly_pickaxe":6,"minecraft:torch":30,"minecraft:wooden_sword":9,"minecraft:cobblestone":6,"toughasnails:purified_water_canteen":1,"minecraft:enchanted_golden_apple":5}},"DataVersion":3465}