{"stats":{"minecraft:picked_up":{"minecraft:chiseled_deepslate":1,"minecraft:birch_log":27,"minecraft:black_carpet":1,"minecraft:ladder":8,"projectvibrantjourneys:fallen_leaves":9,"minecraft:leather":3,"minecraft:lead":2,"create:raw_zinc":1,"minecraft:oak_log":88,"minecraft:lily_pad":1,"alexsmobs:enderiophage_rocket":1,"minecraft:shield":2,"dustrial_decor:sheet_metal_plating_slab":4,"minecraft:polished_deepslate":19,"minecraft:dirt":85,"minecraft:string":13,"alexsmobs:farseer_arm":1,"minecraft:smooth_stone_slab":12,"minecraft:leather_boots":1,"minecraft:oak_sign":8,"minecraft:apple":7,"minecraft:deepslate_brick_slab":27,"alexscaves:extinction_spear":1,"minecraft:wheat_seeds":11,"minecraft:smooth_stone":7,"minecraft:iron_ingot":3,"minecraft:calcite":6,"minecraft:poppy":3,"minecraft:birch_sapling":14,"create:super_glue":1,"alexsmobs:void_worm_mandible":2,"minecraft:book":9,"projectvibrantjourneys:light_brown_bark_mushroom":6,"minecraft:stick":47,"alexsmobs:shattered_dimensional_carver":1,"minecraft:deepslate_brick_wall":4,"projectvibrantjourneys:bark_mushroom":2,"car:canola_seeds":3,"minecraft:sand":2,"pointblank:gunmetal_nugget":25,"alexsmobs:void_worm_eye":1,"minecraft:ink_sac":2,"minecraft:diorite":5,"minecraft:spruce_log":4,"minecraft:redstone":1,"minecraft:spruce_door":1,"netherite_ore_mod:ancientdebrispiece":4,"mutantmonsters:hulk_hammer":1,"minecraft:rotten_flesh":5,"minecraft:slime_ball":1,"minecraft:soul_lantern":1,"minecraft:polished_diorite":4,"minecraft:polished_basalt":21,"create:track":27,"dustrial_decor:sheet_metal_plating":2,"k_turrets:raw_titanium":1,"alexsmobs:capsid":1,"pointblank:m134minigun":1,"projectvibrantjourneys:cattail":1,"projectvibrantjourneys:orange_bark_mushroom":3,"minecraft:oak_sapling":73,"minecraft:deepslate_brick_stairs":2,"minecraft:coal":1,"minecraft:cobblestone":63},"minecraft:mined":{"minecraft:grass_block":5,"minecraft:redstone_wire":1,"minecraft:fire":12,"minecraft:grass":1,"projectvibrantjourneys:short_grass":7,"minecraft:dirt":3},"minecraft:custom":{"minecraft:mob_kills":26,"minecraft:open_barrel":1,"minecraft:interact_with_loom":2,"minecraft:damage_dealt_resisted":11821,"minecraft:leave_game":1,"minecraft:time_since_death":238412,"minecraft:climb_one_cm":1394,"minecraft:damage_resisted":4060,"minecraft:time_since_rest":238445,"minecraft:sprint_one_cm":180516,"minecraft:damage_taken":2896,"minecraft:walk_one_cm":531646,"minecraft:drop":6,"minecraft:damage_dealt":4182,"minecraft:fly_one_cm":1027603,"minecraft:crouch_one_cm":16149,"minecraft:play_time":261698,"minecraft:deaths":5,"minecraft:sneak_time":6262,"minecraft:walk_under_water_one_cm":18711,"minecraft:jump":874,"minecraft:walk_on_water_one_cm":24951,"minecraft:total_world_time":261698,"minecraft:fall_one_cm":44535},"minecraft:killed_by":{"alexscaves:luxtructosaurus":3,"alexscaves:tremorzilla":1},"minecraft:dropped":{"alexsmobs:capsid":1,"create:super_glue":3,"create:goggles":1,"minecraft:splash_potion":1},"minecraft:killed":{"alexsmobs:void_worm":13,"minecraft:iron_golem":4,"alexsmobs:enderiophage":1,"minecraft:phantom":1,"minecraft:trader_llama":2,"minecraft:guardian":1,"minecraft:zombie":1,"alexscaves:tremorzilla":1,"alexscaves:luxtructosaurus":1,"mutantmonsters:mutant_zombie":1},"minecraft:used":{"minecraft:netherite_sword":6,"create:brass_casing":6,"alexsmobs:transmutation_table":1,"toughasnails:wool_chestplate":1,"minecraft:chiseled_deepslate":14,"minecraft:flint_and_steel":1,"car:generator":2,"minecraft:polished_andesite":194,"minecraft:redstone":1,"create:train_door":4,"car:car_workshop_outter":16,"minecraft:ender_pearl":10,"minecraft:stone":37,"mutantmonsters:endersoul_hand":16,"minecraft:zombie_spawn_egg":2,"car:oilmill":1,"alexsmobs:spawn_egg_enderiophage":1,"toughasnails:wool_leggings":1,"netherite_ore_mod:ancient_debris_ore":2,"car:blastfurnace":1,"create:railway_casing":287,"create:lime_seat":6,"minecraft:dirt":14,"create:track_station":22,"minecraft:tnt":1,"create:netherite_backtank":2,"toughasnails:wool_helmet":1,"mutantsbuff:upgraded_hulk_hammer":16,"minecraft:milk_bucket":1,"minecraft:obsidian":15,"create:track":174,"minecraft:oak_log":3,"minecraft:glass":17,"create:controls":7,"create:wrench":5,"create:crafting_blueprint":3,"car:backmix_reactor":1,"dustrial_decor:sheet_metal_plating_slab":28,"minecraft:grass_block":116,"alexscaves:extinction_spear":5,"create:mechanical_arm":2,"create:white_seat":9,"irondecor:iron_grate":11,"car:car_workshop":9,"max_armory:netherite_dagger":1,"create:shaft":5,"netherite_ore_mod:deepslate_ancient_debris_ore":3,"minecraft:oak_sapling":4,"toughasnails:purified_water_canteen":5,"car:gas_station":1,"minecraft:splash_potion":3,"car:sign_post":4}},"DataVersion":3465}