{"stats":{"minecraft:used":{"cataclysm:infernal_forge":11,"projectvibrantjourneys:rocks":1,"cataclysm:music_disc_netherite_monstrosity":1,"minecraft:redstone_ore":1,"framedblocks:framed_door":3,"minecraft:bread":3,"alexscaves:submarine":1,"toughasnails:water_canteen":36,"minecraft:sand":22,"minecraft:wooden_sword":9,"minecraft:dirt":2,"cataclysm:void_forge":4,"cataclysm:music_disc_ignis":1,"minecraft:crafting_table":1,"cataclysm:music_disc_the_harbinger":1,"toughasnails:empty_canteen":2,"cataclysm:music_disc_ender_guardian":1,"cataclysm:music_disc_ancient_remnant":1,"projectvibrantjourneys:seashells":1,"cataclysm:music_disc_the_leviathan":1,"minecraft:jukebox":1,"effortlessbuilding:randomizer_bag":1,"cataclysm:remnant_skull":1},"minecraft:dropped":{"cataclysm:tidal_claws":1,"minecraft:wheat_seeds":1,"minecraft:cooked_beef":126,"minecraft:sand":1,"minecraft:beef":128},"minecraft:mined":{"projectvibrantjourneys:cattail":1,"minecraft:tall_seagrass":1,"treechop:chopped_log":1,"minecraft:grass":8,"minecraft:grass_block":1,"projectvibrantjourneys:short_grass":6,"minecraft:dirt":1,"minecraft:tall_grass":17},"minecraft:broken":{"toughasnails:water_canteen":1},"minecraft:crafted":{"minecraft:oak_planks":20,"minecraft:crafting_table":1,"toughasnails:empty_canteen":1},"minecraft:killed":{"apollyon:the_damned":1,"minecraft:cow":2},"minecraft:picked_up":{"minecraft:stick":5,"cataclysm:music_disc_the_harbinger":1,"minecraft:cooked_beef":62,"minecraft:copper_ingot":3,"minecraft:leather":4,"minecraft:wither_rose":1,"pointblank:gunmetal_nugget":2,"minecraft:sand":2,"minecraft:oak_log":5,"cataclysm:music_disc_ancient_remnant":1,"projectvibrantjourneys:rocks":1,"minecraft:dirt":2,"cataclysm:tidal_claws":1,"cataclysm:music_disc_ignis":1,"cataclysm:music_disc_ender_guardian":1,"cataclysm:music_disc_netherite_monstrosity":1,"projectvibrantjourneys:seashells":1,"minecraft:apple":1,"cataclysm:music_disc_the_leviathan":1,"minecraft:wheat_seeds":1,"minecraft:beef":70,"projectvibrantjourneys:cattail":1,"minecraft:oak_sapling":5,"minecraft:oak_leaves":1},"minecraft:custom":{"minecraft:time_since_rest":13638,"minecraft:sprint_one_cm":62762,"minecraft:damage_taken":510,"minecraft:walk_one_cm":89656,"minecraft:mob_kills":3,"minecraft:drop":7,"minecraft:damage_dealt":1063,"minecraft:play_record":6,"minecraft:swim_one_cm":16877,"minecraft:interact_with_crafting_table":1,"minecraft:fly_one_cm":196115,"minecraft:deaths":1,"minecraft:crouch_one_cm":840,"minecraft:play_time":43796,"minecraft:walk_under_water_one_cm":3186,"minecraft:sneak_time":610,"minecraft:aviate_one_cm":8304,"minecraft:jump":259,"minecraft:leave_game":1,"minecraft:time_since_death":13606,"minecraft:walk_on_water_one_cm":6112,"minecraft:climb_one_cm":1572,"minecraft:total_world_time":43796,"minecraft:fall_one_cm":6837}},"DataVersion":3465}