{"stats":{"minecraft:mined":{"projectvibrantjourneys:cattail":2,"projectvibrantjourneys:sea_oats":1,"farmersdelight:organic_compost":2,"projectvibrantjourneys:rocks":5,"minecraft:torch":4,"projectvibrantjourneys:twigs":2,"minecraft:grass_block":3,"create:scoria":5,"minecraft:tall_grass":175,"minecraft:spruce_leaves":1,"minecraft:wall_torch":1,"minecraft:large_fern":2,"minecraft:coarse_dirt":2,"minecraft:furnace":1,"minecraft:birch_log":6,"projectvibrantjourneys:bones":6,"minecraft:birch_leaves":4,"minecraft:grass":125,"projectvibrantjourneys:birch_hollow_log":4,"projectvibrantjourneys:short_grass":41,"minecraft:dirt":3,"pointblank:workstation":1,"minecraft:stone":8},"minecraft:picked_up":{"minecraft:birch_log":6,"minecraft:crafting_table":1,"minecraft:coarse_dirt":2,"minecraft:feather":1,"minecraft:chicken":1,"minecraft:andesite":18,"minecraft:brown_mushroom":1,"ecologics:seashell":2,"projectvibrantjourneys:birch_hollow_log":4,"minecraft:lily_pad":29,"projectvibrantjourneys:rocks":4,"projectvibrantjourneys:sea_oats":1,"minecraft:dirt":6,"minecraft:moss_carpet":1,"minecraft:wooden_sword":2,"farmersdelight:organic_compost":2,"minecraft:bone":6,"minecraft:wheat_seeds":32,"comforts:sleeping_bag_white":5,"minecraft:birch_sapling":3,"pointblank:workstation":1,"minecraft:egg":1,"ecologics:crab_claw":1,"minecraft:furnace":1,"minecraft:stick":5,"ecologics:coconut_slice":10,"minecraft:torch":5,"car:canola_seeds":8,"ecologics:coconut_seedling":1,"projectvibrantjourneys:bones":3,"minecraft:porkchop":20,"ecologics:coconut_husk":1,"minecraft:spruce_sapling":1,"minecraft:rotten_flesh":2,"projectvibrantjourneys:seashells":1,"minecraft:stone_axe":1,"ecologics:coconut_log":1,"projectvibrantjourneys:cattail":1,"projectvibrantjourneys:orange_bark_mushroom":2,"minecraft:black_wool":1,"minecraft:mutton":8,"minecraft:coal":1,"minecraft:white_wool":5,"minecraft:cobblestone":11},"minecraft:killed":{"minecraft:pig":12,"minecraft:sheep":6,"alexsmobs:crow":1},"minecraft:custom":{"minecraft:interact_with_furnace":7,"minecraft:mob_kills":19,"minecraft:interact_with_crafting_table":5,"minecraft:open_barrel":2,"minecraft:damage_dealt_resisted":12,"minecraft:leave_game":1,"minecraft:time_since_death":697,"minecraft:sleep_in_bed":6,"minecraft:climb_one_cm":271,"minecraft:time_since_rest":809,"minecraft:sprint_one_cm":223818,"minecraft:damage_taken":703,"minecraft:walk_one_cm":175528,"minecraft:damage_blocked_by_shield":303,"minecraft:drop":8,"minecraft:damage_dealt":1915,"minecraft:swim_one_cm":3643,"minecraft:talked_to_villager":16,"minecraft:fly_one_cm":207830,"minecraft:deaths":1,"minecraft:open_chest":16,"minecraft:crouch_one_cm":3056,"minecraft:play_time":60737,"minecraft:sneak_time":1444,"minecraft:walk_under_water_one_cm":791,"minecraft:boat_one_cm":143735,"minecraft:jump":997,"minecraft:walk_on_water_one_cm":8939,"minecraft:total_world_time":60737,"minecraft:fall_one_cm":21842},"minecraft:crafted":{"minecraft:cooked_porkchop":1,"minecraft:crafting_table":1,"comforts:sleeping_bag_white":1,"minecraft:wooden_pickaxe":1,"minecraft:furnace":1,"minecraft:bone_meal":3,"minecraft:birch_planks":32,"minecraft:cooked_mutton":4,"minecraft:air":0,"minecraft:white_wool":1,"minecraft:white_dye":1,"minecraft:white_bed":1,"minecraft:torch":4},"minecraft:used":{"projectvibrantjourneys:rocks":4,"minecraft:cooked_mutton":1,"minecraft:shield":6,"minecraft:wooden_pickaxe":17,"farmersdelight:organic_compost":2,"minecraft:torch":9,"projectvibrantjourneys:sea_oats":1,"minecraft:dirt":6,"minecraft:mutton":3,"minecraft:crafting_table":1,"ecologics:seashell":1,"minecraft:white_bed":1,"projectvibrantjourneys:seashells":1,"projectvibrantjourneys:bones":3,"minecraft:bread":11,"minecraft:spruce_sapling":1,"pointblank:workstation":1,"ecologics:coconut_slice":4,"projectvibrantjourneys:orange_bark_mushroom":2,"minecraft:wooden_sword":157,"minecraft:furnace":1,"minecraft:cooked_porkchop":1,"ecologics:coconut_seedling":1,"alexsmobs:animal_dictionary":1,"comforts:sleeping_bag_white":5},"minecraft:broken":{"minecraft:wooden_sword":1},"minecraft:killed_by":{"apollyon:the_damned":1},"minecraft:dropped":{"ecologics:coconut_slice":2,"minecraft:rotten_flesh":2,"minecraft:andesite":18,"minecraft:wooden_sword":1,"minecraft:lily_pad":6}},"DataVersion":3465}