{"stats":{"minecraft:picked_up":{"minecraft:sand":1,"alexsmobs:roadrunner_boots":1,"witherstormmod:withered_nether_star":2,"minecraft:cobblestone":16},"minecraft:killed_by":{"witherstormmod:wither_storm":1},"minecraft:dropped":{"immersive_aircraft:quadrocopter":1,"minecraft:soul_sand":1,"minecraft:trident":1,"witherstormmod:formidibomb":1,"minecraft:wither_skeleton_skull":64,"witherstormmod:withered_nether_star":1,"minecraft:command_block":1,"minecraft:dark_prismarine":64,"minecraft:flint_and_steel":1},"minecraft:mined":{"minecraft:sand":1},"minecraft:used":{"minecraft:trident":8,"minecraft:wither_skeleton_skull":8,"minecraft:villager_spawn_egg":8,"minecraft:flint_and_steel":3,"minecraft:command_block":2,"witherstormmod:super_tnt":2,"minecraft:iron_golem_spawn_egg":22,"minecraft:spruce_trapdoor":1,"alexsmobs:roadrunner_boots":1,"minecraft:sand":1,"minecraft:soul_sand":9,"toughasnails:purified_water_bottle":3,"witherstormmod:formidibomb":3},"minecraft:custom":{"minecraft:time_since_rest":4305,"minecraft:sprint_one_cm":6196,"minecraft:damage_taken":286,"minecraft:walk_one_cm":18142,"minecraft:drop":35,"minecraft:damage_dealt":323,"minecraft:fly_one_cm":414528,"minecraft:open_barrel":2,"minecraft:crouch_one_cm":540,"minecraft:play_time":34391,"minecraft:deaths":1,"minecraft:sneak_time":627,"minecraft:walk_under_water_one_cm":5848,"minecraft:jump":85,"minecraft:leave_game":1,"minecraft:walk_on_water_one_cm":3415,"minecraft:time_since_death":4250,"minecraft:climb_one_cm":1061,"minecraft:interact_with_smoker":1,"minecraft:total_world_time":34391,"minecraft:fall_one_cm":209}},"DataVersion":3465}