{"stats":{"minecraft:custom":{"minecraft:mob_kills":23,"minecraft:open_barrel":1,"minecraft:interact_with_loom":2,"minecraft:damage_dealt_resisted":11821,"minecraft:time_since_death":123341,"minecraft:climb_one_cm":134,"minecraft:damage_resisted":4060,"minecraft:time_since_rest":123374,"minecraft:sprint_one_cm":113453,"minecraft:damage_taken":2606,"minecraft:walk_one_cm":269712,"minecraft:drop":4,"minecraft:damage_dealt":3779,"minecraft:fly_one_cm":702617,"minecraft:crouch_one_cm":7413,"minecraft:play_time":146627,"minecraft:deaths":5,"minecraft:sneak_time":2921,"minecraft:walk_under_water_one_cm":15021,"minecraft:jump":581,"minecraft:walk_on_water_one_cm":14216,"minecraft:total_world_time":146627,"minecraft:fall_one_cm":39936},"minecraft:used":{"minecraft:netherite_sword":2,"alexsmobs:transmutation_table":1,"minecraft:flint_and_steel":1,"car:generator":2,"minecraft:redstone":1,"create:train_door":2,"car:car_workshop_outter":16,"minecraft:ender_pearl":10,"mutantmonsters:endersoul_hand":16,"minecraft:stone":18,"minecraft:zombie_spawn_egg":2,"car:oilmill":1,"alexsmobs:spawn_egg_enderiophage":1,"netherite_ore_mod:ancient_debris_ore":2,"car:blastfurnace":1,"create:railway_casing":115,"create:lime_seat":6,"minecraft:dirt":4,"create:track_station":14,"minecraft:tnt":1,"create:netherite_backtank":2,"mutantsbuff:upgraded_hulk_hammer":16,"minecraft:milk_bucket":1,"minecraft:obsidian":15,"minecraft:glass":10,"minecraft:oak_log":3,"create:track":56,"create:controls":5,"create:crafting_blueprint":3,"car:backmix_reactor":1,"minecraft:grass_block":9,"alexscaves:extinction_spear":5,"create:mechanical_arm":2,"car:car_workshop":9,"irondecor:iron_grate":11,"netherite_ore_mod:deepslate_ancient_debris_ore":3,"minecraft:oak_sapling":4,"car:gas_station":1,"minecraft:splash_potion":3,"car:sign_post":4},"minecraft:picked_up":{"minecraft:birch_log":27,"projectvibrantjourneys:fallen_leaves":7,"minecraft:lead":2,"create:raw_zinc":1,"minecraft:oak_log":85,"minecraft:lily_pad":1,"dustrial_decor:sheet_metal_plating_slab":4,"alexsmobs:enderiophage_rocket":1,"minecraft:shield":2,"minecraft:dirt":83,"minecraft:string":13,"alexsmobs:farseer_arm":1,"minecraft:leather_boots":1,"minecraft:apple":3,"alexscaves:extinction_spear":1,"minecraft:wheat_seeds":9,"minecraft:iron_ingot":3,"minecraft:poppy":3,"minecraft:birch_sapling":5,"alexsmobs:void_worm_mandible":2,"projectvibrantjourneys:light_brown_bark_mushroom":4,"minecraft:stick":22,"alexsmobs:shattered_dimensional_carver":1,"projectvibrantjourneys:bark_mushroom":1,"pointblank:gunmetal_nugget":23,"minecraft:sand":2,"alexsmobs:void_worm_eye":1,"minecraft:ink_sac":2,"minecraft:diorite":5,"minecraft:redstone":1,"netherite_ore_mod:ancientdebrispiece":4,"mutantmonsters:hulk_hammer":1,"minecraft:rotten_flesh":2,"minecraft:slime_ball":1,"create:track":2,"dustrial_decor:sheet_metal_plating":2,"k_turrets:raw_titanium":1,"alexsmobs:capsid":1,"pointblank:m134minigun":1,"projectvibrantjourneys:cattail":1,"projectvibrantjourneys:orange_bark_mushroom":2,"minecraft:oak_sapling":36,"minecraft:coal":1,"minecraft:cobblestone":63},"minecraft:killed_by":{"alexscaves:luxtructosaurus":3,"alexscaves:tremorzilla":1},"minecraft:mined":{"minecraft:grass_block":4,"minecraft:redstone_wire":1,"minecraft:fire":12,"minecraft:grass":1,"projectvibrantjourneys:short_grass":7,"minecraft:dirt":3},"minecraft:dropped":{"alexsmobs:capsid":1,"create:super_glue":1,"create:goggles":1,"minecraft:splash_potion":1},"minecraft:killed":{"alexsmobs:void_worm":13,"minecraft:iron_golem":4,"alexsmobs:enderiophage":1,"minecraft:phantom":1,"minecraft:guardian":1,"alexscaves:tremorzilla":1,"alexscaves:luxtructosaurus":1,"mutantmonsters:mutant_zombie":1}},"DataVersion":3465}