{"stats":{"minecraft:mined":{"projectvibrantjourneys:cattail":1,"minecraft:acacia_leaves":1,"minecraft:brown_mushroom":1,"minecraft:grass_block":3,"minecraft:tall_grass":1,"projectvibrantjourneys:fallen_leaves":1,"minecraft:birch_log":7,"projectvibrantjourneys:bones":1,"minecraft:birch_leaves":1,"minecraft:grass":10,"projectvibrantjourneys:short_grass":9,"create:hand_crank":1,"minecraft:dirt":4,"minecraft:sand":3},"minecraft:picked_up":{"minecraft:birch_log":9,"minecraft:ladder":1,"projectvibrantjourneys:fallen_leaves":1,"minecraft:brown_mushroom":1,"dummmmmmy:target_dummy":1,"minecraft:oak_stairs":2,"minecraft:gunpowder":1,"minecraft:polished_deepslate":10,"minecraft:dirt":11,"minecraft:string":1,"minecraft:moss_carpet":1,"minecraft:smooth_stone_slab":1,"minecraft:bone":1,"minecraft:oak_sign":16,"minecraft:wheat_seeds":5,"minecraft:deepslate_brick_slab":19,"minecraft:smooth_stone":1,"minecraft:calcite":1,"minecraft:lectern":1,"minecraft:moss_block":1,"minecraft:book":3,"minecraft:oak_slab":5,"minecraft:stick":1,"create:large_water_wheel":1,"minecraft:deepslate_brick_wall":5,"projectvibrantjourneys:bark_mushroom":1,"car:canola_seeds":1,"minecraft:dandelion":1,"minecraft:gravel":1,"minecraft:spruce_fence":1,"minecraft:recovery_compass":1,"pointblank:gunmetal_nugget":8,"minecraft:sand":4,"create:hand_crank":2,"minecraft:grass_block":1,"minecraft:spruce_log":7,"minecraft:spider_eye":1,"minecraft:rotten_flesh":5,"farmersdelight:cooked_chicken_cuts":94,"tacz:modern_kinetic_gun":1,"minecraft:polished_basalt":3,"minecraft:red_tulip":1,"alexsmobs:maggot":2,"minecraft:deepslate_brick_stairs":3,"minecraft:dark_oak_fence":2,"alexsmobs:flying_fish":1,"minecraft:cobblestone":15},"minecraft:killed":{"hordes:zombie_player":5,"mutantmonsters:mutant_skeleton":1,"minecraft:phantom":2,"minecraft:zombie":8,"minecraft:drowned":1,"alexsmobs:fly":2,"alexsmobs:flying_fish":1,"minecraft:enderman":1},"minecraft:custom":{"minecraft:interact_with_anvil":1,"minecraft:mob_kills":21,"minecraft:interact_with_loom":2,"minecraft:damage_dealt_resisted":295,"minecraft:leave_game":2,"minecraft:time_since_death":33214,"minecraft:damage_resisted":300,"minecraft:climb_one_cm":1553,"minecraft:time_since_rest":33271,"minecraft:damage_absorbed":648,"minecraft:sprint_one_cm":118871,"minecraft:walk_one_cm":307879,"minecraft:damage_taken":2278,"minecraft:damage_blocked_by_shield":50,"minecraft:drop":7,"minecraft:damage_dealt":550,"minecraft:fly_one_cm":530867,"minecraft:player_kills":3,"minecraft:open_chest":1,"minecraft:crouch_one_cm":7822,"minecraft:play_time":174818,"minecraft:deaths":6,"minecraft:sneak_time":3015,"minecraft:walk_under_water_one_cm":6019,"minecraft:jump":764,"minecraft:walk_on_water_one_cm":19195,"minecraft:total_world_time":174818,"minecraft:fall_one_cm":9654},"minecraft:crafted":{"minecraft:crafting_table":1,"minecraft:spruce_planks":12,"minecraft:stick":4},"minecraft:used":{"dummmmmmy:target_dummy":1,"alexsmobs:spawn_egg_raccoon":6,"minecraft:water_bucket":4,"ecologics:squirrel_spawn_egg":1,"farmersdelight:skillet":1,"marbledsarsenal:sledgehammer":2,"farmersdelight:stove":2,"minecraft:shield":3,"minecraft:stone":5,"immersive_aircraft:warship":1,"ecologics:coconut_crab_spawn_egg":1,"minecraft:dirt":10,"minecraft:sand":2,"minecraft:anvil":1,"ecologics:penguin_spawn_egg":1,"minecraft:crafting_table":1,"mutantsbuff:upgraded_hulk_hammer":16,"projectvibrantjourneys:fallen_leaves":1,"minecraft:apple":3,"minecraft:grass_block":7,"minecraft:bread":1,"minecraft:barrier":3,"minecraft:gravel":1,"create:large_water_wheel":2,"minecraft:wooden_sword":12,"mutantmonsters:mutant_zombie_spawn_egg":2,"farmersdelight:cooking_pot":1,"alexsmobs:centipede_leggings":1,"alexsmobs:novelty_hat":1,"create:hand_crank":4,"minecraft:enchanted_golden_apple":5,"create:large_cogwheel":1},"minecraft:killed_by":{"apollyon:the_damned":1,"minecraft:player":1,"minecraft:zombie":1,"hordes:zombie_player":1,"hordes:drowned_player":1},"minecraft:dropped":{"minecraft:wheat_seeds":2,"minecraft:stick":1,"farmersdelight:cooked_chicken_cuts":38,"tacz:modern_kinetic_gun":1,"alexsmobs:moose_headgear":1,"alexsmobs:novelty_hat":1}},"DataVersion":3465}