{"stats":{"minecraft:mined":{"minecraft:crafting_table":2,"projectvibrantjourneys:twigs":3,"minecraft:grass_block":4,"minecraft:tall_seagrass":1,"minecraft:birch_log":8,"minecraft:spruce_log":1,"minecraft:grass":2,"projectvibrantjourneys:short_grass":6,"minecraft:gravel":2,"minecraft:sand":2,"minecraft:stone":5,"minecraft:fern":1},"minecraft:picked_up":{"minecraft:birch_log":8,"minecraft:netherite_boots":2,"minecraft:crafting_table":2,"minecraft:iron_chestplate":1,"minecraft:wither_rose":1,"minecraft:enchanted_book":13,"marbledsarsenal:olive_juggernaut_armor_leggings":1,"minecraft:shield":1,"minecraft:gunpowder":4,"minecraft:netherite_leggings":1,"minecraft:polished_deepslate":1,"minecraft:dirt":10,"minecraft:iron_leggings":1,"tacz:ammo":1,"minecraft:bone":1,"minecraft:bow":1,"minecraft:wheat_seeds":1,"minecraft:white_tulip":1,"marbledsarsenal:olive_juggernaut_armor_boots":1,"minecraft:iron_sword":1,"minecraft:iron_boots":2,"minecraft:stick":4,"projectvibrantjourneys:bark_mushroom":2,"minecraft:gravel":3,"pointblank:gunmetal_nugget":19,"minecraft:sand":3,"minecraft:spruce_log":1,"marbledsarsenal:olive_juggernaut_armor_chestplate":1,"minecraft:firework_rocket":64,"minecraft:arrow":64,"minecraft:rotten_flesh":10,"minecraft:netherite_helmet":1,"minecraft:iron_helmet":1,"marbledsarsenal:olive_juggernaut_armor_helmet":1,"minecraft:netherite_chestplate":1,"minecraft:cobblestone":6},"minecraft:killed":{"minecraft:creeper":1,"hordes:drowned_player":1,"minecraft:phantom":1,"minecraft:guardian":5,"minecraft:zombie":7,"k_turrets:cobble_turret":1},"minecraft:custom":{"minecraft:mob_kills":16,"minecraft:interact_with_anvil":9,"minecraft:interact_with_crafting_table":5,"minecraft:damage_dealt_resisted":126,"minecraft:leave_game":1,"minecraft:time_since_death":604,"minecraft:climb_one_cm":173,"minecraft:damage_resisted":2285,"minecraft:time_since_rest":631,"minecraft:sprint_one_cm":56056,"minecraft:walk_one_cm":114087,"minecraft:damage_taken":3080,"minecraft:damage_absorbed":1652,"minecraft:drop":37,"minecraft:damage_dealt":821,"minecraft:swim_one_cm":24056,"minecraft:fly_one_cm":153611,"minecraft:player_kills":1,"minecraft:crouch_one_cm":523,"minecraft:play_time":71211,"minecraft:deaths":8,"minecraft:sneak_time":632,"minecraft:walk_under_water_one_cm":17981,"minecraft:interact_with_lectern":1,"minecraft:aviate_one_cm":62867,"minecraft:jump":741,"minecraft:walk_on_water_one_cm":16988,"minecraft:total_world_time":71211,"minecraft:fall_one_cm":20539},"minecraft:crafted":{"minecraft:crafting_table":2,"minecraft:spruce_planks":4,"minecraft:wooden_pickaxe":2,"minecraft:birch_planks":32,"minecraft:stick":12,"minecraft:stone_pickaxe":1,"minecraft:wooden_axe":1,"minecraft:stone_sword":1},"minecraft:used":{"minecraft:stone_sword":12,"minecraft:netherite_chestplate":1,"minecraft:elytra":1,"minecraft:ender_pearl":3,"minecraft:wooden_pickaxe":9,"minecraft:golden_apple":1,"minecraft:dirt":5,"minecraft:anvil":1,"minecraft:crafting_table":3,"mutantsbuff:upgraded_hulk_hammer":1,"minecraft:wooden_axe":1,"minecraft:firework_rocket":28,"max_armory:copper_machete":3,"minecraft:wooden_sword":7,"minecraft:cobblestone":40,"alexsmobs:animal_dictionary":1,"immersive_aircraft:biplane":1,"max_armory:diamond_long_sword":3,"minecraft:enchanted_golden_apple":15},"minecraft:killed_by":{"mutantmonsters:mutant_zombie":1,"minecraft:player":2,"hordes:zombie_player":2,"hordes:drowned_player":1},"minecraft:dropped":{"minecraft:enchanted_book":13,"minecraft:bread":64,"marbledsarsenal:olive_juggernaut_armor_leggings":1,"marbledsarsenal:olive_juggernaut_armor_chestplate":1,"marbledsarsenal:olive_juggernaut_armor_helmet":1,"minecraft:iron_helmet":1,"minecraft:iron_boots":1,"pointblank:ammo762":217,"minecraft:elytra":1,"minecraft:iron_chestplate":1,"minecraft:iron_leggings":1,"minecraft:wooden_sword":1,"tacz:ammo":3,"minecraft:sand":1,"marbledsarsenal:olive_juggernaut_armor_boots":1,"projectvibrantjourneys:bark_mushroom":2,"minecraft:firework_rocket":256}},"DataVersion":3465}