{"stats":{"minecraft:killed":{"alexscaves:tremorsaurus":7},"minecraft:mined":{"minecraft:fire":2,"alexscaves:dinosaur_chop":1},"minecraft:used":{"minecraft:dirt":15,"alexscaves:spawn_egg_trilocaris":1,"alexscaves:spawn_egg_magnetron":1,"alexscaves:spawn_egg_tremorsaurus":7,"alexscaves:dinosaur_chop":2,"alexscaves:spawn_egg_luxtructosaurus":1,"alexscaves:spawn_egg_relicheirus":1,"alexscaves:spawn_egg_nucleeper":2,"alexscaves:spawn_egg_vallumraptor":1,"alexscaves:spawn_egg_grottoceratops":1,"alexscaves:spawn_egg_boundroid":1,"alexscaves:spawn_egg_subterranodon":1,"alexscaves:spawn_egg_teletor":1},"minecraft:custom":{"minecraft:time_since_rest":9228,"minecraft:crouch_one_cm":491,"minecraft:play_time":9228,"minecraft:sprint_one_cm":34826,"minecraft:walk_one_cm":32850,"minecraft:sneak_time":233,"minecraft:walk_under_water_one_cm":473,"minecraft:mob_kills":7,"minecraft:jump":60,"minecraft:leave_game":1,"minecraft:walk_on_water_one_cm":394,"minecraft:time_since_death":9228,"minecraft:total_world_time":13294,"minecraft:fall_one_cm":2815,"minecraft:fly_one_cm":114513},"minecraft:picked_up":{"minecraft:stick":1,"minecraft:dark_oak_sapling":2,"alexscaves:tough_hide":2,"minecraft:quartz_block":15,"minecraft:feather":4,"minecraft:exposed_copper":2,"alexscaves:dinosaur_chop":9,"minecraft:exposed_cut_copper_stairs":6,"minecraft:stone_bricks":7,"minecraft:gravel":2,"alexscaves:heavy_bone":15,"minecraft:flint":1,"minecraft:mossy_stone_bricks":1,"minecraft:dark_oak_log":2,"minecraft:dirt":17,"minecraft:cobblestone":26}},"DataVersion":3465}