{"stats":{"minecraft:mined":{"minecraft:spruce_leaves":3},"minecraft:used":{"alexscaves:spawn_egg_raycat":2,"alexscaves:spawn_egg_nucleeper":1,"minecraft:wooden_sword":3},"minecraft:custom":{"minecraft:jump":5,"minecraft:time_since_rest":2713,"minecraft:damage_dealt":10,"minecraft:crouch_one_cm":374,"minecraft:sprint_one_cm":752,"minecraft:play_time":2713,"minecraft:time_since_death":2713,"minecraft:walk_one_cm":2741,"minecraft:sneak_time":483,"minecraft:total_world_time":2713,"minecraft:fly_one_cm":37644}},"DataVersion":3465}