{"stats":{"minecraft:picked_up":{"minecraft:crafting_table":1,"ecologics:walnut":7,"minecraft:feather":7,"minecraft:chicken":6,"minecraft:stone_slab":1,"ecologics:seashell":1,"create:raw_zinc":2,"minecraft:oak_log":2,"minecraft:lily_pad":2,"minecraft:dirt":15,"ecologics:walnut_sapling":1,"ecologics:crab_claw":1,"minecraft:egg":4,"projectvibrantjourneys:light_brown_bark_mushroom":4,"minecraft:stick":5,"minecraft:raw_iron":6,"ecologics:walnut_log":4,"ecologics:coconut_slice":17,"ecologics:coconut_seedling":3,"minecraft:porkchop":6,"ecologics:coconut_husk":1,"minecraft:spruce_log":31,"minecraft:white_bed":4,"minecraft:diamond":5,"k_turrets:raw_titanium":3,"ecologics:coconut_log":23,"projectvibrantjourneys:cattail":1,"alexsmobs:banana_slug_slime":3,"minecraft:mutton":1,"minecraft:coal":9,"minecraft:white_wool":1,"minecraft:cobblestone":39},"minecraft:mined":{"create:zinc_ore":2,"minecraft:white_bed":3,"minecraft:deepslate_diamond_ore":5,"minecraft:crafting_table":2,"projectvibrantjourneys:twigs":2,"minecraft:grass_block":5,"create:scoria":6,"minecraft:stone_slab":1,"minecraft:tall_grass":3,"ecologics:coconut_log":24,"minecraft:spruce_leaves":2,"minecraft:large_fern":1,"ecologics:seashell":2,"minecraft:iron_ore":6,"minecraft:spruce_log":31,"minecraft:andesite":58,"k_turrets:titanium_ore":3,"minecraft:grass":2,"minecraft:coal_ore":10,"minecraft:oak_log":2,"projectvibrantjourneys:short_grass":1,"minecraft:gravel":3,"minecraft:dirt":10,"ecologics:walnut_log":4,"projectvibrantjourneys:seashells":1,"minecraft:stone":40,"create:crimsite":3,"minecraft:deepslate":11},"minecraft:killed":{"minecraft:pig":3,"alexsmobs:skunk":1,"minecraft:sheep":1,"minecraft:zombie":1,"alexsmobs:banana_slug":2,"alexsmobs:terrapin":1,"minecraft:chicken":7,"ecologics:coconut_crab":1,"alexsmobs:fly":1},"minecraft:custom":{"minecraft:interact_with_furnace":6,"minecraft:mob_kills":18,"minecraft:interact_with_crafting_table":4,"minecraft:leave_game":1,"minecraft:time_since_death":54701,"minecraft:sleep_in_bed":3,"minecraft:climb_one_cm":332,"minecraft:time_since_rest":17086,"minecraft:sprint_one_cm":121887,"minecraft:damage_taken":292,"minecraft:walk_one_cm":98224,"minecraft:drop":19,"minecraft:damage_dealt":1720,"minecraft:swim_one_cm":5124,"minecraft:talked_to_villager":2,"minecraft:fly_one_cm":243239,"minecraft:open_chest":7,"minecraft:crouch_one_cm":7053,"minecraft:play_time":54701,"minecraft:sneak_time":3289,"minecraft:walk_under_water_one_cm":1539,"minecraft:boat_one_cm":239746,"minecraft:jump":1098,"minecraft:walk_on_water_one_cm":9732,"minecraft:total_world_time":54701,"minecraft:fall_one_cm":31187},"minecraft:crafted":{"minecraft:oak_planks":8,"minecraft:cooked_porkchop":2,"minecraft:crafting_table":1,"ecologics:coconut_planks":20,"minecraft:wooden_pickaxe":1,"ecologics:walnut_planks":16,"minecraft:stone_axe":1,"minecraft:cooked_mutton":1,"minecraft:air":0,"minecraft:stick":32,"minecraft:stone_pickaxe":1,"ecologics:tropical_stew":1,"minecraft:torch":4,"ecologics:coconut_boat":1,"ecologics:crab_meat":1},"minecraft:used":{"minecraft:cooked_mutton":1,"minecraft:water_bucket":1,"minecraft:stone_pickaxe":41,"minecraft:wooden_pickaxe":8,"minecraft:iron_sword":10,"ecologics:walnut_sapling":1,"minecraft:torch":2,"minecraft:dirt":5,"minecraft:crafting_table":2,"minecraft:white_bed":3,"ecologics:tropical_stew":1,"minecraft:bread":9,"minecraft:iron_pickaxe":100,"minecraft:stone_axe":87,"ecologics:coconut_slice":3,"alexsmobs:lobster_bucket":2,"ecologics:coconut_boat":1,"ecologics:walnut":2,"minecraft:bucket":4,"alexsmobs:animal_dictionary":1},"minecraft:dropped":{"minecraft:stone_axe":1,"ecologics:coconut_slice":1,"minecraft:cobblestone":2,"minecraft:stone_slab":1,"ecologics:crab_claw":1,"ecologics:walnut":2,"ecologics:coconut_husk":5,"minecraft:wooden_sword":1,"minecraft:wooden_pickaxe":1,"ecologics:seashell":1,"minecraft:lily_pad":2,"minecraft:egg":4}},"DataVersion":3465}