{"stats":{"minecraft:picked_up":{"pointblank:gunmetal_nugget":2,"alexsmobs:ghostly_pickaxe":1},"minecraft:mined":{"minecraft:andesite":195,"minecraft:tnt":4163,"minecraft:coal_ore":4,"minecraft:dirt":46,"minecraft:stone":649,"minecraft:diorite":31,"minecraft:water":54,"create:zinc_ore":3},"minecraft:custom":{"minecraft:time_since_rest":24930,"minecraft:sprint_one_cm":13793,"minecraft:walk_one_cm":68148,"minecraft:interact_with_anvil":12,"minecraft:mob_kills":39,"minecraft:drop":2,"minecraft:damage_dealt":155,"minecraft:fly_one_cm":121448,"minecraft:crouch_one_cm":1754,"minecraft:play_time":24930,"minecraft:sneak_time":1154,"minecraft:walk_under_water_one_cm":3042,"minecraft:jump":124,"minecraft:damage_dealt_resisted":36,"minecraft:leave_game":1,"minecraft:time_since_death":24930,"minecraft:walk_on_water_one_cm":872,"minecraft:climb_one_cm":76,"minecraft:total_world_time":24930},"minecraft:dropped":{"minecraft:anvil":1,"alexsmobs:ghostly_pickaxe":1},"minecraft:killed":{"alexsmobs:warped_toad":1,"minecraft:skeleton":1,"alexsmobs:crocodile":1,"minecraft:zombie":5,"alexsmobs:terrapin":2,"hordes:zombie_player":1,"alexsmobs:leafcutter_ant":2,"alexsmobs:roadrunner":2,"minecraft:spider":1,"alexsmobs:underminer":1,"alexsmobs:platypus":1,"minecraft:tropical_fish":15,"minecraft:enderman":1,"alexsmobs:gorilla":3},"minecraft:used":{"alexsmobs:spawn_egg_terrapin":4,"alexsmobs:spawn_egg_komodo_dragon":1,"minecraft:oak_fence":69,"alexsmobs:spawn_egg_underminer":3,"alexsmobs:spawn_egg_mungus":1,"alexsmobs:spawn_egg_platypus":1,"alexsmobs:spawn_egg_seal":2,"alexsmobs:spawn_egg_warped_toad":1,"alexsmobs:spawn_egg_gorilla":3,"minecraft:grass_block":2,"alexsmobs:spawn_egg_toucan":1,"alexsmobs:spawn_egg_caiman":1,"minecraft:anvil":2,"alexsmobs:spawn_egg_crocodile":1,"alexsmobs:spawn_egg_seagull":2,"alexsmobs:spawn_egg_roadrunner":3,"alexsmobs:spawn_egg_kangaroo":1}},"DataVersion":3465}