{"stats":{"minecraft:picked_up":{"minecraft:birch_log":1,"minecraft:black_carpet":3,"minecraft:splash_potion":1,"create:metal_bracket":7,"projectvibrantjourneys:fallen_leaves":9,"minecraft:oak_stairs":1,"minecraft:oak_log":6,"alexscaves:tectonic_shard":9,"minecraft:dirt":6,"alexsmobs:farseer_arm":1,"alexscaves:dinosaur_chop":1,"minecraft:oak_sign":4,"minecraft:gray_carpet":5,"alexsmobs:dimensional_carver":1,"minecraft:wheat_seeds":25,"create:goggles":1,"minecraft:birch_sapling":2,"create:super_glue":1,"minecraft:stick":3,"projectvibrantjourneys:bark_mushroom":1,"minecraft:spruce_fence":1,"alexscaves:heavy_bone":2,"minecraft:sand":3,"pointblank:gunmetal_nugget":9,"minecraft:spruce_log":2,"minecraft:lily_of_the_valley":8,"netherite_ore_mod:ancientdebrispiece":1,"create:track":29,"alexsmobs:capsid":1,"projectvibrantjourneys:orange_bark_mushroom":1,"minecraft:oak_sapling":4,"minecraft:cobblestone":5},"minecraft:mined":{"minecraft:spruce_leaves":6},"minecraft:custom":{"minecraft:mob_kills":5,"minecraft:interact_with_loom":3,"minecraft:open_shulker_box":2,"minecraft:damage_dealt_resisted":648,"minecraft:leave_game":4,"minecraft:time_since_death":184767,"minecraft:climb_one_cm":214,"minecraft:time_since_rest":184795,"minecraft:sprint_one_cm":19936,"minecraft:damage_taken":474,"minecraft:walk_one_cm":214016,"minecraft:drop":14,"minecraft:damage_dealt":3385,"minecraft:swim_one_cm":636,"minecraft:fly_one_cm":997233,"minecraft:crouch_one_cm":14886,"minecraft:play_time":239494,"minecraft:deaths":2,"minecraft:sneak_time":11396,"minecraft:walk_under_water_one_cm":23744,"minecraft:jump":612,"minecraft:walk_on_water_one_cm":2365,"minecraft:total_world_time":239494,"minecraft:fall_one_cm":1521},"minecraft:killed_by":{"alexsmobs:crocodile":1},"minecraft:dropped":{"alexsmobs:capsid":1,"create:track":1,"minecraft:coal":4,"minecraft:dirt":2,"alexsmobs:enderiophage_rocket":1,"minecraft:spruce_log":2,"alexsmobs:farseer_arm":1,"minecraft:birch_log":1,"alexscaves:extinction_spear":1},"minecraft:killed":{"alexsmobs:farseer":1,"minecraft:parrot":2,"alexsmobs:void_worm":1,"minecraft:bee":1},"minecraft:used":{"minecraft:oak_trapdoor":5,"minecraft:netherite_sword":13,"minecraft:trident":2,"alexscaves:green_soylent":3,"minecraft:end_rod":1,"create:brass_casing":26,"minecraft:chiseled_deepslate":56,"alexscaves:spawn_egg_atlatitan":1,"create:crushing_wheel":9,"minecraft:flint_and_steel":11,"alexscaves:spawn_egg_tremorzilla":2,"minecraft:redstone":6,"minecraft:iron_golem_spawn_egg":52,"securitycraft:netherrack_mine":2,"minecraft:ender_pearl":3,"car:car_workshop_outter":16,"ecologics:walnut_trapdoor":3,"create:cuckoo_clock":1,"minecraft:parrot_spawn_egg":3,"create:brass_ladder":2,"create:framed_glass_trapdoor":2,"create:railway_casing":18,"alexsmobs:spawn_egg_farseer":1,"minecraft:polished_deepslate_slab":3,"create:fluid_tank":1,"create:andesite_door":5,"minecraft:comparator":2,"create:track_station":12,"alexscaves:thornwood_trapdoor":8,"create:mechanical_harvester":5,"create:mechanical_plough":6,"create:placard":1,"alexsmobs:capsid":1,"alexscaves:ping_pong_sponge":2,"create:metal_girder":270,"minecraft:deepslate_brick_stairs":12,"alexscaves:spawn_egg_sea_pig":1,"minecraft:obsidian":41,"create:chute":6,"minecraft:redstone_torch":2,"minecraft:polished_deepslate_stairs":21,"create:red_valve_handle":5,"create:controls":3,"create:track":130,"minecraft:red_shulker_box":4,"create:train_trapdoor":3,"ecologics:coconut_trapdoor":7,"create:andesite_ladder":11,"alexscaves:spawn_egg_tremorsaurus":1,"create:wrench":4,"minecraft:command_block":1,"alexsmobs:spawn_egg_gorilla":1,"create:gearbox":5,"minecraft:lantern":2,"dustrial_decor:sheet_metal_plating_slab":20,"alexscaves:extinction_spear":7,"create:metal_bracket":19,"minecraft:spawner":2,"create:contraption_controls":1,"minecraft:spruce_trapdoor":53,"dustrial_decor:sheet_metal_plating":331,"create:brown_toolbox":1,"create:white_seat":3,"irondecor:iron_grate":2,"minecraft:coal_block":37,"minecraft:nether_wart_block":5,"dustrial_decor:iron_bar_trapdoor":1,"create:basin":5,"create:shaft":27,"alexsmobs:enderiophage_rocket":8,"alexsmobs:spawn_egg_void_worm":1,"dustrial_decor:cardboard_trapdoor":15,"minecraft:birch_log":1,"alexscaves:nuclear_bomb":1,"create:steam_whistle":1,"create:andesite_bars":4,"dustrial_decor:sheet_metal_trapdoor":2,"alexscaves:pewen_trapdoor":8}},"DataVersion":3465}