{"stats":{"minecraft:custom":{"minecraft:time_since_rest":2643,"minecraft:interact_with_loom":3,"minecraft:crouch_one_cm":3957,"minecraft:sprint_one_cm":11806,"minecraft:play_time":19569,"minecraft:walk_one_cm":37801,"minecraft:damage_taken":1328,"minecraft:deaths":2,"minecraft:sneak_time":1700,"minecraft:drop":2,"minecraft:jump":179,"minecraft:damage_dealt":129,"minecraft:time_since_death":2633,"minecraft:total_world_time":19569,"minecraft:climb_one_cm":98,"minecraft:interact_with_crafting_table":1,"minecraft:inspect_dispenser":1,"minecraft:fall_one_cm":6337,"minecraft:fly_one_cm":271486},"minecraft:picked_up":{"alexscaves:fissile_core":9,"pointblank:gunmetal_nugget":5,"alexsmobs:spawn_egg_lobster":228,"minecraft:gunpowder":11,"projectvibrantjourneys:orange_bark_mushroom":2,"minecraft:oak_sapling":1,"minecraft:cobblestone":2,"minecraft:dirt":1,"alexsmobs:lobster_tail":46,"alexscaves:spawn_egg_nucleeper":1},"minecraft:crafted":{"alexscaves:cave_map":1},"minecraft:used":{"alexscaves:spawn_egg_raycat":3,"alexscaves:spelunkery_table":2,"minecraft:wooden_sword":3,"minecraft:flint_and_steel":20,"minecraft:crafting_table":1,"alexsmobs:lobster_bucket":2,"minecraft:grass_block":7,"minecraft:smooth_stone_slab":2,"alexscaves:spawn_egg_nucleeper":4,"alexsmobs:spawn_egg_lobster":5},"minecraft:dropped":{"minecraft:water_bucket":1,"projectvibrantjourneys:orange_bark_mushroom":1},"minecraft:mined":{"minecraft:spruce_leaves":3}},"DataVersion":3465}