{"stats":{"minecraft:mined":{"create:zinc_ore":14,"projectvibrantjourneys:rocks":2,"minecraft:crafting_table":1,"minecraft:bubble_column":56,"minecraft:glow_lichen":1,"projectvibrantjourneys:twigs":4,"minecraft:grass_block":658,"minecraft:dead_bush":2,"projectvibrantjourneys:mossy_rocks":2,"minecraft:copper_ore":71,"minecraft:lapis_ore":5,"minecraft:spruce_leaves":241,"minecraft:lily_pad":1,"projectvibrantjourneys:fallen_leaves":2,"minecraft:moss_block":8,"minecraft:oxeye_daisy":1,"minecraft:seagrass":2,"create:water_wheel_structure":8,"minecraft:magma_block":4,"minecraft:snow":3,"minecraft:sweet_berry_bush":2,"minecraft:birch_log":9,"minecraft:iron_ore":8,"projectvibrantjourneys:bones":2,"minecraft:spruce_log":53,"minecraft:birch_leaves":123,"minecraft:anvil":1,"k_turrets:titanium_ore":8,"minecraft:grass":29,"minecraft:oak_log":1,"projectvibrantjourneys:short_grass":63,"minecraft:coal_ore":143,"minecraft:sand":54,"minecraft:gravel":441,"minecraft:dirt":1858,"minecraft:stone":10709,"minecraft:fern":1,"minecraft:oak_leaves":79,"minecraft:water":3740,"minecraft:podzol":81},"minecraft:picked_up":{"minecraft:wooden_axe":3,"minecraft:birch_log":7,"minecraft:crafting_table":1,"minecraft:ladder":1,"projectvibrantjourneys:fallen_leaves":1,"minecraft:wooden_pickaxe":2,"minecraft:oak_stairs":1,"minecraft:birch_planks":18,"minecraft:wither_rose":3,"minecraft:gunpowder":15,"minecraft:shield":1,"minecraft:polished_deepslate":14,"minecraft:dirt":53,"minecraft:string":4,"minecraft:wooden_sword":3,"minecraft:smooth_stone_slab":6,"minecraft:leather_boots":3,"minecraft:bone":18,"minecraft:oak_sign":3,"minecraft:wheat_seeds":3,"minecraft:deepslate_brick_slab":4,"minecraft:smooth_stone":5,"minecraft:white_tulip":2,"minecraft:stone_pickaxe":1,"minecraft:ender_eye":5,"minecraft:calcite":1,"minecraft:azalea":1,"minecraft:lectern":1,"minecraft:phantom_membrane":1,"minecraft:book":6,"minecraft:stick":11,"alexsmobs:moose_headgear":1,"car:canola_seeds":1,"minecraft:dandelion":3,"minecraft:gravel":4,"minecraft:sand":5,"pointblank:gunmetal_nugget":181,"minecraft:spruce_log":7,"alexsmobs:novelty_hat":1,"minecraft:spruce_door":1,"alexsmobs:animal_dictionary":3,"minecraft:spider_eye":6,"minecraft:firework_rocket":64,"minecraft:stone_sword":1,"minecraft:rotten_flesh":88,"farmersdelight:cooked_chicken_cuts":3,"minecraft:stone_axe":1,"minecraft:soul_lantern":1,"minecraft:polished_basalt":14,"pointblank:m134minigun":1,"minecraft:red_tulip":1,"minecraft:bread":1,"alexsmobs:maggot":5,"minecraft:coal":3,"minecraft:oxeye_daisy":4,"minecraft:cobblestone":9,"minecraft:ender_pearl":5},"minecraft:killed":{"minecraft:pig":1,"hordes:zombie_player":1,"mutantsbuff:shockwaves":1,"minecraft:skeleton":3,"mutantmonsters:mutant_enderman":1,"alexsmobs:blue_jay":1,"alexsmobs:banana_slug":2,"minecraft:zombie":117,"apollyon:the_damned":4,"minecraft:enderman":2},"minecraft:custom":{"minecraft:mob_kills":135,"minecraft:interact_with_loom":1,"minecraft:leave_game":3,"minecraft:time_since_death":27794,"minecraft:climb_one_cm":864,"minecraft:damage_resisted":1099,"minecraft:time_since_rest":27845,"minecraft:walk_one_cm":164006,"minecraft:sprint_one_cm":36769,"minecraft:damage_taken":989,"minecraft:damage_absorbed":608,"minecraft:drop":3,"minecraft:damage_dealt":61751,"minecraft:swim_one_cm":3430,"minecraft:fly_one_cm":370627,"minecraft:player_kills":1,"minecraft:crouch_one_cm":14725,"minecraft:play_time":81565,"minecraft:deaths":4,"minecraft:sneak_time":5578,"minecraft:walk_under_water_one_cm":1499,"minecraft:jump":733,"minecraft:walk_on_water_one_cm":4032,"minecraft:total_world_time":81565,"minecraft:fall_one_cm":12754},"minecraft:used":{"k_turrets:cobble_turret_item":1,"alexsmobs:transmutation_table":1,"minecraft:flint_and_steel":20,"alexsmobs:flying_fish_bucket":1,"mutantmonsters:endersoul_hand":33,"minecraft:stone":52,"minecraft:zombie_spawn_egg":184,"projectvibrantjourneys:fallen_leaves":1,"max_armory:netherite_machete":165,"minecraft:barrier":72,"alexsmobs:moose_headgear":1,"minecraft:stone_bricks":1,"minecraft:bedrock":423,"minecraft:ice":4,"immersive_aircraft:biplane":2,"minecraft:enchanted_golden_apple":4},"minecraft:broken":{"marbledsarsenal:black_juggernaut_armor_helmet":1},"minecraft:killed_by":{"apollyon:the_damned":1,"minecraft:zombie":2},"minecraft:dropped":{"minecraft:recovery_compass":1,"minecraft:stick":1,"projectvibrantjourneys:fallen_leaves":1}},"DataVersion":3465}