{"stats":{"minecraft:custom":{"minecraft:mob_kills":5,"minecraft:interact_with_loom":3,"minecraft:damage_dealt_resisted":648,"minecraft:leave_game":1,"minecraft:time_since_death":63565,"minecraft:climb_one_cm":146,"minecraft:time_since_rest":63593,"minecraft:sprint_one_cm":16681,"minecraft:damage_taken":474,"minecraft:walk_one_cm":146016,"minecraft:drop":14,"minecraft:damage_dealt":3368,"minecraft:swim_one_cm":636,"minecraft:fly_one_cm":670909,"minecraft:crouch_one_cm":9802,"minecraft:play_time":118292,"minecraft:deaths":2,"minecraft:sneak_time":5903,"minecraft:walk_under_water_one_cm":23744,"minecraft:jump":455,"minecraft:walk_on_water_one_cm":2365,"minecraft:total_world_time":118292,"minecraft:fall_one_cm":1521},"minecraft:used":{"minecraft:trident":2,"minecraft:netherite_sword":13,"alexscaves:green_soylent":3,"minecraft:end_rod":1,"alexscaves:spawn_egg_atlatitan":1,"minecraft:flint_and_steel":11,"alexscaves:spawn_egg_tremorzilla":2,"minecraft:redstone":6,"minecraft:ender_pearl":3,"securitycraft:netherrack_mine":2,"minecraft:iron_golem_spawn_egg":52,"car:car_workshop_outter":16,"minecraft:parrot_spawn_egg":3,"create:railway_casing":1,"alexsmobs:spawn_egg_farseer":1,"minecraft:comparator":2,"alexsmobs:capsid":1,"alexscaves:ping_pong_sponge":2,"create:metal_girder":252,"minecraft:obsidian":41,"alexscaves:spawn_egg_sea_pig":1,"minecraft:redstone_torch":2,"create:track":114,"alexscaves:spawn_egg_tremorsaurus":1,"minecraft:command_block":1,"alexsmobs:spawn_egg_gorilla":1,"dustrial_decor:sheet_metal_plating_slab":6,"alexscaves:extinction_spear":7,"minecraft:spawner":2,"dustrial_decor:sheet_metal_plating":331,"irondecor:iron_grate":2,"alexsmobs:enderiophage_rocket":8,"alexsmobs:spawn_egg_void_worm":1,"minecraft:birch_log":1},"minecraft:picked_up":{"minecraft:birch_log":1,"minecraft:splash_potion":1,"projectvibrantjourneys:fallen_leaves":9,"minecraft:oak_log":6,"alexscaves:tectonic_shard":9,"minecraft:dirt":6,"alexsmobs:farseer_arm":1,"alexscaves:dinosaur_chop":1,"alexsmobs:dimensional_carver":1,"minecraft:wheat_seeds":25,"create:goggles":1,"minecraft:birch_sapling":2,"minecraft:stick":3,"projectvibrantjourneys:bark_mushroom":1,"alexscaves:heavy_bone":2,"pointblank:gunmetal_nugget":9,"minecraft:sand":3,"minecraft:spruce_log":2,"minecraft:lily_of_the_valley":8,"netherite_ore_mod:ancientdebrispiece":1,"create:track":12,"alexsmobs:capsid":1,"projectvibrantjourneys:orange_bark_mushroom":1,"minecraft:oak_sapling":4,"minecraft:cobblestone":5},"minecraft:killed_by":{"alexsmobs:crocodile":1},"minecraft:mined":{"minecraft:spruce_leaves":6},"minecraft:dropped":{"alexsmobs:capsid":1,"create:track":1,"minecraft:coal":4,"minecraft:dirt":2,"alexsmobs:enderiophage_rocket":1,"minecraft:spruce_log":2,"alexsmobs:farseer_arm":1,"minecraft:birch_log":1,"alexscaves:extinction_spear":1},"minecraft:killed":{"alexsmobs:farseer":1,"minecraft:parrot":2,"alexsmobs:void_worm":1,"minecraft:bee":1}},"DataVersion":3465}