{"stats":{"minecraft:killed":{"witherstormmod:wither_storm":3},"minecraft:picked_up":{"witherstormmod:formidibomb":1,"minecraft:prismarine_shard":1,"minecraft:andesite":16,"witherstormmod:amulet":3,"minecraft:wither_skeleton_skull":1,"minecraft:dirt":7,"minecraft:flint_and_steel":1,"minecraft:rotten_flesh":2,"minecraft:iron_golem_spawn_egg":1,"witherstormmod:withered_flesh":2,"minecraft:bone_meal":1,"witherstormmod:withered_nether_star":2,"alexsmobs:flying_fish":1,"minecraft:cod":1,"witherstormmod:withered_bone":1,"alexsmobs:lobster_tail":1,"minecraft:cobblestone":32},"minecraft:dropped":{"witherstormmod:amulet":3,"minecraft:soul_sand":64,"minecraft:iron_golem_spawn_egg":1,"minecraft:command_block":1792,"alexsmobs:roadrunner_boots":1},"minecraft:used":{"minecraft:dark_prismarine":77,"ecologics:sandcastle":4,"minecraft:villager_spawn_egg":396,"minecraft:flint_and_steel":2,"minecraft:command_block":1,"minecraft:iron_golem_spawn_egg":111,"minecraft:redstone_block":5,"alexsmobs:roadrunner_boots":1,"witherstormmod:phasometer":7,"witherstormmod:withered_phlegm_block":1,"minecraft:sand":6,"minecraft:tnt":149,"witherstormmod:formidibomb":1},"minecraft:custom":{"minecraft:time_since_rest":41090,"minecraft:sprint_one_cm":1568,"minecraft:walk_one_cm":17538,"minecraft:mob_kills":3,"minecraft:drop":160,"minecraft:damage_dealt":18338,"minecraft:fly_one_cm":552680,"minecraft:crouch_one_cm":718,"minecraft:play_time":41090,"minecraft:sneak_time":2079,"minecraft:walk_under_water_one_cm":14389,"minecraft:jump":45,"minecraft:walk_on_water_one_cm":1792,"minecraft:leave_game":1,"minecraft:time_since_death":41090,"minecraft:climb_one_cm":53,"minecraft:total_world_time":41090}},"DataVersion":3465}