{"stats":{"minecraft:custom":{"minecraft:time_since_rest":48976,"minecraft:sprint_one_cm":15807,"minecraft:walk_one_cm":141839,"minecraft:mob_kills":5,"minecraft:damage_dealt":34,"minecraft:fly_one_cm":245255,"minecraft:crouch_one_cm":7271,"minecraft:play_time":48976,"minecraft:sneak_time":2617,"minecraft:jump":586,"minecraft:leave_game":1,"minecraft:time_since_death":48976,"minecraft:total_world_time":48976},"minecraft:picked_up":{"alexscaves:sea_pig":1,"minecraft:feather":4,"minecraft:lead":6,"dustrial_decor:sheet_metal_plating_slab":2,"minecraft:wheat_seeds":1,"create:track":2,"dustrial_decor:sheet_metal_plating":1,"create:metal_girder":4,"create:super_glue":1},"minecraft:used":{"create:chute":11,"minecraft:glass":5,"create:track":23,"create:controls":11,"create:item_vault":16,"dustrial_decor:sheet_metal_plating_slab":4,"create:red_seat":1,"minecraft:stone":4,"dustrial_decor:sheet_metal_plating":16,"create:railway_casing":185,"create:andesite_funnel":2,"create:lime_seat":2,"minecraft:dirt":4,"create:basin":2,"create:brass_funnel":23,"create:mechanical_harvester":1,"minecraft:stone_stairs":14,"minecraft:campfire":4,"create:mechanical_plough":3,"create:display_board":5,"create:depot":21,"create:metal_girder":1,"create:mechanical_roller":5},"minecraft:killed":{"alexscaves:tremorsaurus":1,"minecraft:parrot":1,"alexscaves:tremorzilla":1,"alexscaves:atlatitan":1,"alexsmobs:gorilla":1}},"DataVersion":3465}