{"stats":{"minecraft:picked_up":{"minecraft:chicken":1,"minecraft:oak_door":1,"projectvibrantjourneys:fallen_leaves":1,"minecraft:torch":2,"car:canola_seeds":1,"minecraft:oak_pressure_plate":1,"alexsmobs:hemolymph_sac":2,"alexsmobs:bison_fur":2,"pointblank:gunmetal_nugget":1,"minecraft:shield":3,"alexsmobs:animal_dictionary":2,"minecraft:dirt":2,"minecraft:wooden_sword":3,"minecraft:leather_boots":2,"alexsmobs:kangaroo_hide":3,"minecraft:rotten_flesh":3,"minecraft:beef":24,"projectvibrantjourneys:cattail":2,"minecraft:bread":17,"alexsmobs:kangaroo_meat":8},"minecraft:mined":{"projectvibrantjourneys:cattail":1,"minecraft:grass":4,"projectvibrantjourneys:short_grass":5},"minecraft:custom":{"minecraft:time_since_rest":23063,"minecraft:sprint_one_cm":40597,"minecraft:damage_taken":1030,"minecraft:walk_one_cm":75507,"minecraft:damage_blocked_by_shield":430,"minecraft:mob_kills":5,"minecraft:drop":1,"minecraft:damage_dealt":1650,"minecraft:swim_one_cm":4556,"minecraft:fly_one_cm":207585,"minecraft:open_barrel":3,"minecraft:open_chest":2,"minecraft:crouch_one_cm":407,"minecraft:play_time":28670,"minecraft:deaths":4,"minecraft:sneak_time":286,"minecraft:walk_under_water_one_cm":3303,"minecraft:jump":586,"minecraft:time_since_death":23033,"minecraft:walk_on_water_one_cm":11604,"minecraft:total_world_time":28670,"minecraft:fall_one_cm":1261},"minecraft:killed_by":{"alexsmobs:kangaroo":4},"minecraft:dropped":{"minecraft:shield":1},"minecraft:killed":{"alexsmobs:warped_mosco":1,"alexsmobs:bison":1,"alexsmobs:mungus":1,"minecraft:zoglin":1,"alexsmobs:kangaroo":1},"minecraft:used":{"apollyon:the_infector_spawn_egg":1,"minecraft:netherite_sword":7,"minecraft:diorite":6,"projectvibrantjourneys:fallen_leaves":1,"minecraft:dirt_path":1,"minecraft:flint_and_steel":1,"minecraft:grass_block":2,"minecraft:bread":1,"minecraft:string":2,"minecraft:oak_planks":43,"minecraft:shield":30,"minecraft:stone":3,"minecraft:zombie_spawn_egg":23,"minecraft:oak_pressure_plate":17,"minecraft:leather_boots":1,"alexsmobs:spawn_egg_warped_mosco":1,"minecraft:oak_door":1,"minecraft:tripwire_hook":2,"minecraft:wooden_sword":13,"minecraft:tnt":11,"minecraft:andesite":1,"alexscaves:nuclear_bomb":1,"minecraft:zoglin_spawn_egg":1}},"DataVersion":3465}