{"stats":{"minecraft:killed_by":{"minecraft:player":2},"minecraft:mined":{"projectvibrantjourneys:short_grass":1},"minecraft:custom":{"minecraft:time_since_rest":16329,"minecraft:sprint_one_cm":22368,"minecraft:damage_taken":6637,"minecraft:walk_one_cm":195521,"minecraft:mob_kills":1,"minecraft:drop":1,"minecraft:damage_dealt":70,"minecraft:fly_one_cm":1256064,"minecraft:crouch_one_cm":17018,"minecraft:play_time":57705,"minecraft:deaths":3,"minecraft:sneak_time":4102,"minecraft:walk_under_water_one_cm":332,"minecraft:jump":576,"minecraft:leave_game":1,"minecraft:time_since_death":16288,"minecraft:walk_on_water_one_cm":3496,"minecraft:total_world_time":57705,"minecraft:fall_one_cm":5474,"minecraft:inspect_dispenser":20},"minecraft:picked_up":{"minecraft:azure_bluet":1,"minecraft:repeater":3,"projectvibrantjourneys:bark_mushroom":1,"car:canola_seeds":1,"minecraft:oak_log":1,"immersive_aircraft:rotary_cannon":1,"alexscaves:hazmat_boots":2,"alexscaves:hazmat_leggings":1,"minecraft:redstone":10,"minecraft:cornflower":1,"minecraft:dirt":73,"alexscaves:spawn_egg_tremorzilla":2527,"minecraft:light_gray_concrete":1,"marbledsarsenal:hazmat_armor_leggings":1,"minecraft:bone":2,"minecraft:arrow":2,"alexscaves:hazmat_mask":1,"minecraft:wheat_seeds":4,"create:analog_lever":1,"marbledsarsenal:hazmat_armor_chestplate":1,"minecraft:oak_sapling":2,"alexscaves:hazmat_chestplate":1,"minecraft:cobblestone":36},"minecraft:killed":{"apollyon:the_damned":1},"minecraft:dropped":{"alexscaves:nuclear_bomb":1},"minecraft:used":{"minecraft:redstone_torch":7,"apollyon:the_infector_spawn_egg":4,"minecraft:lever":5,"minecraft:water_bucket":1,"minecraft:flint_and_steel":11,"minecraft:light_gray_concrete":1057,"minecraft:grass_block":209,"minecraft:dispenser":25,"minecraft:redstone":552,"mutantmonsters:creeper_shard":1,"minecraft:gravel":4,"minecraft:repeater":21,"minecraft:dirt":53,"minecraft:redstone_lamp":6,"minecraft:comparator":5,"minecraft:yellow_concrete":27,"immersive_aircraft:biplane":1,"alexscaves:nuclear_bomb":147,"minecraft:observer":36,"minecraft:obsidian":39}},"DataVersion":3465}