{"stats":{"minecraft:custom":{"minecraft:time_since_rest":15559,"minecraft:sprint_one_cm":4418,"minecraft:damage_taken":1185,"minecraft:walk_one_cm":49857,"minecraft:drop":12,"minecraft:damage_dealt":9,"minecraft:swim_one_cm":534,"minecraft:fly_one_cm":116895,"minecraft:crouch_one_cm":3197,"minecraft:play_time":16352,"minecraft:interact_with_loom":3,"minecraft:deaths":2,"minecraft:sneak_time":761,"minecraft:walk_under_water_one_cm":568,"minecraft:jump":71,"minecraft:time_since_death":15359,"minecraft:walk_on_water_one_cm":729,"minecraft:total_world_time":16352,"minecraft:fall_one_cm":6379,"minecraft:inspect_dispenser":6},"minecraft:picked_up":{"alexscaves:fissile_core":9,"pointblank:gunmetal_nugget":5,"minecraft:spruce_sapling":2,"alexsmobs:spawn_egg_lobster":580,"minecraft:spruce_log":1,"minecraft:gunpowder":11,"minecraft:dirt":1,"alexscaves:spawn_egg_nucleeper":509,"minecraft:oak_sapling":1,"alexsmobs:blobfish":2,"alexsmobs:lobster_tail":42},"minecraft:dropped":{"minecraft:dirt":1,"alexsmobs:lobster_tail":41,"minecraft:gunpowder":11,"alexsmobs:spawn_egg_lobster":228,"alexscaves:spawn_egg_nucleeper":1,"alexscaves:fissile_core":9,"pointblank:gunmetal_nugget":5,"minecraft:spruce_sapling":2},"minecraft:used":{"minecraft:redstone_torch":1,"minecraft:moss_block":10,"minecraft:grass_block":17,"minecraft:dispenser":3,"minecraft:redstone":9,"alexsmobs:blobfish_bucket":3,"minecraft:repeater":5,"minecraft:comparator":2,"alexscaves:nuclear_bomb":7,"minecraft:spruce_log":2,"alexsmobs:spawn_egg_lobster":105},"minecraft:mined":{"minecraft:spruce_log":1,"minecraft:spruce_leaves":2}},"DataVersion":3465}