{"stats":{"minecraft:mined":{"minecraft:crafting_table":1,"minecraft:grass_block":2,"minecraft:birch_log":11,"minecraft:iron_ore":1,"minecraft:grass":2,"minecraft:coal_ore":3,"projectvibrantjourneys:short_grass":1,"minecraft:gravel":1,"minecraft:white_tulip":1,"minecraft:stone":17},"minecraft:picked_up":{"minecraft:wooden_axe":3,"minecraft:birch_log":18,"minecraft:crafting_table":2,"minecraft:ladder":2,"minecraft:wooden_pickaxe":3,"minecraft:birch_planks":14,"minecraft:enchanted_book":9,"minecraft:shield":1,"minecraft:gunpowder":1,"minecraft:cornflower":1,"minecraft:polished_deepslate":2,"minecraft:dirt":24,"minecraft:elytra":1,"minecraft:moss_carpet":1,"immersive_aircraft:biplane":1,"minecraft:wooden_sword":2,"minecraft:smooth_stone_slab":3,"minecraft:leather_boots":3,"minecraft:bone":1,"minecraft:wheat_seeds":5,"minecraft:deepslate_brick_slab":11,"minecraft:smooth_stone":1,"minecraft:bucket":1,"minecraft:stone_pickaxe":1,"minecraft:moss_block":1,"minecraft:book":9,"minecraft:oak_slab":1,"minecraft:stick":15,"minecraft:raw_iron":1,"minecraft:deepslate_brick_wall":3,"projectvibrantjourneys:bark_mushroom":2,"car:canola_seeds":1,"minecraft:lava_bucket":12,"minecraft:gravel":8,"minecraft:sand":4,"pointblank:gunmetal_nugget":53,"minecraft:spruce_sapling":1,"minecraft:spruce_log":4,"minecraft:spider_eye":1,"alexsmobs:animal_dictionary":3,"minecraft:tnt":192,"minecraft:firework_rocket":128,"minecraft:rotten_flesh":9,"minecraft:stone_sword":1,"minecraft:slime_ball":1,"minecraft:stone_axe":1,"minecraft:polished_basalt":6,"minecraft:red_tulip":2,"minecraft:cherry_sapling":1,"alexsmobs:maggot":6,"minecraft:deepslate_brick_stairs":1,"minecraft:dark_oak_fence":2,"minecraft:coal":6,"minecraft:cobblestone":28},"minecraft:killed":{"hordes:zombie_player":1,"minecraft:creeper":3,"hordes:drowned_player":6,"minecraft:phantom":4,"minecraft:zombie":11,"alexsmobs:fly":2,"minecraft:drowned":1,"apollyon:the_damned":1},"minecraft:custom":{"minecraft:interact_with_anvil":5,"minecraft:mob_kills":32,"minecraft:interact_with_crafting_table":4,"minecraft:damage_dealt_resisted":56,"minecraft:leave_game":2,"minecraft:time_since_death":5060,"minecraft:damage_resisted":949,"minecraft:climb_one_cm":2453,"minecraft:time_since_rest":5088,"minecraft:sprint_one_cm":40999,"minecraft:damage_absorbed":1229,"minecraft:damage_taken":1603,"minecraft:walk_one_cm":151072,"minecraft:damage_blocked_by_shield":264,"minecraft:drop":18,"minecraft:damage_dealt":3078,"minecraft:swim_one_cm":45637,"minecraft:fly_one_cm":396836,"minecraft:crouch_one_cm":11384,"minecraft:play_time":66782,"minecraft:deaths":6,"minecraft:sneak_time":3664,"minecraft:walk_under_water_one_cm":25959,"minecraft:jump":1058,"minecraft:walk_on_water_one_cm":8922,"minecraft:total_world_time":66782,"minecraft:fall_one_cm":22499},"minecraft:crafted":{"minecraft:wooden_sword":2,"minecraft:crafting_table":1,"minecraft:wooden_pickaxe":1,"minecraft:birch_planks":44,"minecraft:stone_axe":1,"minecraft:stick":16,"minecraft:stone_pickaxe":1,"minecraft:wooden_axe":2,"minecraft:stone_sword":1},"minecraft:used":{"apollyon:the_damned_spawn_egg":12,"apollyon:the_infector_spawn_egg":1,"minecraft:netherite_sword":27,"minecraft:stone_sword":17,"minecraft:birch_planks":1,"minecraft:stone_pickaxe":7,"minecraft:shield":13,"minecraft:wooden_pickaxe":14,"minecraft:stone":1,"minecraft:rotten_flesh":4,"minecraft:anvil":1,"minecraft:crafting_table":1,"minecraft:stone_bricks":156,"minecraft:stone_axe":1,"minecraft:wooden_sword":45,"immersive_aircraft:biplane":4,"minecraft:enchanted_golden_apple":11},"minecraft:killed_by":{"minecraft:player":2,"minecraft:zombie":1,"hordes:zombie_player":1,"minecraft:drowned":1},"minecraft:dropped":{"minecraft:enchanted_book":9,"alexsmobs:maggot":1,"minecraft:netherite_helmet":1,"minecraft:netherite_chestplate":1,"minecraft:netherite_leggings":1,"pointblank:m134minigun":1,"minecraft:netherite_boots":2,"minecraft:bucket":1,"projectvibrantjourneys:bark_mushroom":1}},"DataVersion":3465}