{"stats":{"minecraft:killed_by":{"alexscaves:tremorzilla":1,"minecraft:player":3},"minecraft:mined":{"projectvibrantjourneys:orange_bark_mushroom":1,"treechop:chopped_log":1,"minecraft:grass":9,"projectvibrantjourneys:twigs":3,"minecraft:grass_block":1,"ecologics:walnut_leaves":4,"projectvibrantjourneys:short_grass":7,"minecraft:sunflower":1},"minecraft:custom":{"minecraft:time_since_rest":25544,"minecraft:sprint_one_cm":26858,"minecraft:damage_taken":1162,"minecraft:walk_one_cm":92136,"minecraft:damage_blocked_by_shield":1645,"minecraft:mob_kills":3,"minecraft:drop":1,"minecraft:damage_dealt":442,"minecraft:fly_one_cm":1684829,"minecraft:crouch_one_cm":1326,"minecraft:play_time":33689,"minecraft:deaths":4,"minecraft:sneak_time":1381,"minecraft:jump":468,"minecraft:leave_game":1,"minecraft:time_since_death":25503,"minecraft:total_world_time":33689,"minecraft:fall_one_cm":6495},"minecraft:picked_up":{"pointblank:hk416":1,"minecraft:stick":4,"minecraft:azure_bluet":2,"pointblank:ammo556":640,"minecraft:andesite":2,"minecraft:oak_log":4,"minecraft:shield":2,"marbledsarsenal:olive_juggernaut_armor_leggings":1,"minecraft:redstone":11,"marbledsarsenal:olive_juggernaut_armor_chestplate":1,"minecraft:cornflower":1,"alexsmobs:animal_dictionary":2,"minecraft:dirt":21,"minecraft:wooden_sword":2,"minecraft:leather_boots":1,"minecraft:rotten_flesh":1,"minecraft:apple":1,"minecraft:wheat_seeds":2,"minecraft:granite":1,"pointblank:m134minigun":1,"marbledsarsenal:olive_juggernaut_armor_boots":1,"marbledsarsenal:olive_juggernaut_armor_helmet":1,"minecraft:oak_sapling":7,"minecraft:coal":2,"minecraft:cobblestone":51,"minecraft:sunflower":1},"minecraft:killed":{"minecraft:zombie":1,"alexscaves:tremorzilla":1,"alexscaves:nucleeper":1},"minecraft:crafted":{"minecraft:oak_planks":16},"minecraft:dropped":{"pointblank:m134minigun":1},"minecraft:used":{"minecraft:redstone_torch":5,"minecraft:flint_and_steel":6,"minecraft:light_gray_concrete":175,"minecraft:redstone":163,"minecraft:shield":38,"minecraft:redstone_block":13,"minecraft:stone":27,"securitycraft:reinforced_oak_pressure_plate":1,"alexscaves:spawn_egg_raycat":9,"create:analog_lever":1,"minecraft:dirt":1,"minecraft:oak_sapling":7,"immersive_aircraft:gyrodyne":1,"mutantsbuff:upgraded_hulk_hammer":13,"immersive_aircraft:biplane":2,"alexscaves:nuclear_bomb":15,"minecraft:milk_bucket":3}},"DataVersion":3465}