{
  "create:root": {
    "criteria": {
      "0": "2024-06-18 00:41:32 +0000"
    },
    "done": true
  },
  "minecraft:recipes/decorations/crafting_table": {
    "criteria": {
      "unlock_right_away": "2024-06-18 00:41:32 +0000"
    },
    "done": true
  },
  "betterdungeons:root": {
    "criteria": {
      "always": "2024-06-18 00:41:32 +0000"
    },
    "done": true
  },
  "farmersdelight:main/root": {
    "criteria": {
      "seeds": "2024-06-18 00:41:32 +0000"
    },
    "done": true
  },
  "minecraft:adventure/adventuring_time": {
    "criteria": {
      "minecraft:old_growth_pine_taiga": "2024-06-18 00:41:37 +0000",
      "minecraft:lush_caves": "2024-06-18 00:42:39 +0000"
    },
    "done": false
  },
  "DataVersion": 3465
}